[
    {
        "theme_name": "base",
        "theme_url": "http://code.jquery.com/ui/1.10.0/themes/base/jquery-ui.css",
        "group": "Official",
        "active": "yes",
        "author": "jQuery Project",
        "license": "http://jquery.org/license"
    },
    {
        "theme_name": "black-tie",
        "theme_url": "http://code.jquery.com/ui/1.10.0/themes/black-tie/jquery-ui.css",
        "group": "Official",
        "active": "yes",
        "author": "jQuery Project",
        "license": "http://jquery.org/license"
    },
    {
        "theme_name": "blitzer",
        "theme_url": "http://code.jquery.com/ui/1.10.0/themes/blitzer/jquery-ui.css",
        "group": "Official",
        "active": "yes",
        "author": "jQuery Project",
        "license": "http://jquery.org/license"
    },
    {
        "theme_name": "cupertino",
        "theme_url": "http://code.jquery.com/ui/1.10.0/themes/cupertino/jquery-ui.css",
        "group": "Official",
        "active": "yes",
        "author": "jQuery Project",
        "license": "http://jquery.org/license"
    },
    {
        "theme_name": "dark-hive",
        "theme_url": "http://code.jquery.com/ui/1.10.0/themes/dark-hive/jquery-ui.css",
        "group": "Official",
        "active": "yes",
        "author": "jQuery Project",
        "license": "http://jquery.org/license"
    },
    {
        "theme_name": "dot-luv",
        "theme_url": "http://code.jquery.com/ui/1.10.0/themes/dot-luv/jquery-ui.css",
        "group": "Official",
        "active": "yes",
        "author": "jQuery Project",
        "license": "http://jquery.org/license"
    },
    {
        "theme_name": "eggplant",
        "theme_url": "http://code.jquery.com/ui/1.10.0/themes/eggplant/jquery-ui.css",
        "group": "Official",
        "active": "yes",
        "author": "jQuery Project",
        "license": "http://jquery.org/license"
    },
    {
        "theme_name": "excite-bike",
        "theme_url": "http://code.jquery.com/ui/1.10.0/themes/excite-bike/jquery-ui.css",
        "group": "Official",
        "active": "yes",
        "author": "jQuery Project",
        "license": "http://jquery.org/license"
    },
    {
        "theme_name": "flick",
        "theme_url": "http://code.jquery.com/ui/1.10.0/themes/flick/jquery-ui.css",
        "group": "Official",
        "active": "yes",
        "author": "jQuery Project",
        "license": "http://jquery.org/license"
    },
    {
        "theme_name": "hot-sneaks",
        "theme_url": "http://code.jquery.com/ui/1.10.0/themes/hot-sneaks/jquery-ui.css",
        "group": "Official",
        "active": "yes",
        "author": "jQuery Project",
        "license": "http://jquery.org/license"
    },
    {
        "theme_name": "humanity",
        "theme_url": "http://code.jquery.com/ui/1.10.0/themes/humanity/jquery-ui.css",
        "group": "Official",
        "active": "yes",
        "author": "jQuery Project",
        "license": "http://jquery.org/license"
    },
    {
        "theme_name": "le-frog",
        "theme_url": "http://code.jquery.com/ui/1.10.0/themes/le-frog/jquery-ui.css",
        "group": "Official",
        "active": "yes",
        "author": "jQuery Project",
        "license": "http://jquery.org/license"
    },
    {
        "theme_name": "mint-choc",
        "theme_url": "http://code.jquery.com/ui/1.10.0/themes/mint-choc/jquery-ui.css",
        "group": "Official",
        "active": "yes",
        "author": "jQuery Project",
        "license": "http://jquery.org/license"
    },
    {
        "theme_name": "overcast",
        "theme_url": "http://code.jquery.com/ui/1.10.0/themes/overcast/jquery-ui.css",
        "group": "Official",
        "active": "yes",
        "author": "jQuery Project",
        "license": "http://jquery.org/license"
    },
    {
        "theme_name": "pepper-grinder",
        "theme_url": "http://code.jquery.com/ui/1.10.0/themes/pepper-grinder/jquery-ui.css",
        "group": "Official",
        "active": "yes",
        "author": "jQuery Project",
        "license": "http://jquery.org/license"
    },
    {
        "theme_name": "redmond",
        "theme_url": "http://code.jquery.com/ui/1.10.0/themes/redmond/jquery-ui.css",
        "group": "Official",
        "active": "yes",
        "author": "jQuery Project",
        "license": "http://jquery.org/license"
    },
    {
        "theme_name": "smoothness",
        "theme_url": "http://code.jquery.com/ui/1.10.0/themes/smoothness/jquery-ui.css",
        "group": "Official",
        "active": "yes",
        "author": "jQuery Project",
        "license": "http://jquery.org/license"
    },
    {
        "theme_name": "south-street",
        "theme_url": "http://code.jquery.com/ui/1.10.0/themes/south-street/jquery-ui.css",
        "group": "Official",
        "active": "yes",
        "author": "jQuery Project",
        "license": "http://jquery.org/license"
    },
    {
        "theme_name": "start",
        "theme_url": "http://code.jquery.com/ui/1.10.0/themes/start/jquery-ui.css",
        "group": "Official",
        "active": "yes",
        "author": "jQuery Project",
        "license": "http://jquery.org/license"
    },
    {
        "theme_name": "sunny",
        "theme_url": "http://code.jquery.com/ui/1.10.0/themes/sunny/jquery-ui.css",
        "group": "Official",
        "active": "yes",
        "author": "jQuery Project",
        "license": "http://jquery.org/license"
    },
    {
        "theme_name": "swanky-purse",
        "theme_url": "http://code.jquery.com/ui/1.10.0/themes/swanky-purse/jquery-ui.css",
        "group": "Official",
        "active": "yes",
        "author": "jQuery Project",
        "license": "http://jquery.org/license"
    },
    {
        "theme_name": "trontastic",
        "theme_url": "http://code.jquery.com/ui/1.10.0/themes/trontastic/jquery-ui.css",
        "group": "Official",
        "active": "yes",
        "author": "jQuery Project",
        "license": "http://jquery.org/license"
    },
    {
        "theme_name": "ui-darkness",
        "theme_url": "http://code.jquery.com/ui/1.10.0/themes/ui-darkness/jquery-ui.css",
        "group": "Official",
        "active": "yes",
        "author": "jQuery Project",
        "license": "http://jquery.org/license"
    },
    {
        "theme_name": "ui-lightness",
        "theme_url": "http://code.jquery.com/ui/1.10.0/themes/ui-lightness/jquery-ui.css",
        "group": "Official",
        "active": "yes",
        "author": "jQuery Project",
        "license": "http://jquery.org/license"
    },
    {
        "theme_name": "vader",
        "theme_url": "http://code.jquery.com/ui/1.10.0/themes/vader/jquery-ui.css",
        "group": "Official",
        "active": "yes",
        "author": "jQuery Project",
        "license": "http://jquery.org/license"
    }

]

