[
    {
        "theme_name": "black-tie",
        "theme_url": "../wp-content/plugins/mailcwp/css/jquery-ui-themes/black-tie/jquery-ui.css",
        "group": "Official",
        "active": "yes",
        "author": "jQuery Project",
        "license": "http://jquery.org/license"
    },
    {
        "theme_name": "blitzer",
        "theme_url": "../wp-content/plugins/mailcwp/css/jquery-ui-themes/blitzer/jquery-ui.css",
        "group": "Official",
        "active": "yes",
        "author": "jQuery Project",
        "license": "http://jquery.org/license"
    },
    {
        "theme_name": "cupertino",
        "theme_url": "../wp-content/plugins/mailcwp/css/jquery-ui-themes/cupertino/jquery-ui.css",
        "group": "Official",
        "active": "yes",
        "author": "jQuery Project",
        "license": "http://jquery.org/license"
    },
    {
        "theme_name": "dark-hive",
        "theme_url": "../wp-content/plugins/mailcwp/css/jquery-ui-themes/dark-hive/jquery-ui.css",
        "group": "Official",
        "active": "yes",
        "author": "jQuery Project",
        "license": "http://jquery.org/license"
    },
    {
        "theme_name": "dot-luv",
        "theme_url": "../wp-content/plugins/mailcwp/css/jquery-ui-themes/dot-luv/jquery-ui.css",
        "group": "Official",
        "active": "yes",
        "author": "jQuery Project",
        "license": "http://jquery.org/license"
    },
    {
        "theme_name": "eggplant",
        "theme_url": "../wp-content/plugins/mailcwp/css/jquery-ui-themes/eggplant/jquery-ui.css",
        "group": "Official",
        "active": "yes",
        "author": "jQuery Project",
        "license": "http://jquery.org/license"
    },
    {
        "theme_name": "excite-bike",
        "theme_url": "../wp-content/plugins/mailcwp/css/jquery-ui-themes/excite-bike/jquery-ui.css",
        "group": "Official",
        "active": "yes",
        "author": "jQuery Project",
        "license": "http://jquery.org/license"
    },
    {
        "theme_name": "flick",
        "theme_url": "../wp-content/plugins/mailcwp/css/jquery-ui-themes/flick/jquery-ui.css",
        "group": "Official",
        "active": "yes",
        "author": "jQuery Project",
        "license": "http://jquery.org/license"
    },
    {
        "theme_name": "hot-sneaks",
        "theme_url": "../wp-content/plugins/mailcwp/css/jquery-ui-themes/hot-sneaks/jquery-ui.css",
        "group": "Official",
        "active": "yes",
        "author": "jQuery Project",
        "license": "http://jquery.org/license"
    },
    {
        "theme_name": "humanity",
        "theme_url": "../wp-content/plugins/mailcwp/css/jquery-ui-themes/humanity/jquery-ui.css",
        "group": "Official",
        "active": "yes",
        "author": "jQuery Project",
        "license": "http://jquery.org/license"
    },
    {
        "theme_name": "le-frog",
        "theme_url": "../wp-content/plugins/mailcwp/css/jquery-ui-themes/le-frog/jquery-ui.css",
        "group": "Official",
        "active": "yes",
        "author": "jQuery Project",
        "license": "http://jquery.org/license"
    },
    {
        "theme_name": "mint-choc",
        "theme_url": "../wp-content/plugins/mailcwp/css/jquery-ui-themes/mint-choc/jquery-ui.css",
        "group": "Official",
        "active": "yes",
        "author": "jQuery Project",
        "license": "http://jquery.org/license"
    },
    {
        "theme_name": "overcast",
        "theme_url": "../wp-content/plugins/mailcwp/css/jquery-ui-themes/overcast/jquery-ui.css",
        "group": "Official",
        "active": "yes",
        "author": "jQuery Project",
        "license": "http://jquery.org/license"
    },
    {
        "theme_name": "pepper-grinder",
        "theme_url": "../wp-content/plugins/mailcwp/css/jquery-ui-themes/pepper-grinder/jquery-ui.css",
        "group": "Official",
        "active": "yes",
        "author": "jQuery Project",
        "license": "http://jquery.org/license"
    },
    {
        "theme_name": "redmond",
        "theme_url": "../wp-content/plugins/mailcwp/css/jquery-ui-themes/redmond/jquery-ui.css",
        "group": "Official",
        "active": "yes",
        "author": "jQuery Project",
        "license": "http://jquery.org/license"
    },
    {
        "theme_name": "smoothness",
        "theme_url": "../wp-content/plugins/mailcwp/css/jquery-ui-themes/smoothness/jquery-ui.css",
        "group": "Official",
        "active": "yes",
        "author": "jQuery Project",
        "license": "http://jquery.org/license"
    },
    {
        "theme_name": "south-street",
        "theme_url": "../wp-content/plugins/mailcwp/css/jquery-ui-themes/south-street/jquery-ui.css",
        "group": "Official",
        "active": "yes",
        "author": "jQuery Project",
        "license": "http://jquery.org/license"
    },
    {
        "theme_name": "start",
        "theme_url": "../wp-content/plugins/mailcwp/css/jquery-ui-themes/start/jquery-ui.css",
        "group": "Official",
        "active": "yes",
        "author": "jQuery Project",
        "license": "http://jquery.org/license"
    },
    {
        "theme_name": "sunny",
        "theme_url": "../wp-content/plugins/mailcwp/css/jquery-ui-themes/sunny/jquery-ui.css",
        "group": "Official",
        "active": "yes",
        "author": "jQuery Project",
        "license": "http://jquery.org/license"
    },
    {
        "theme_name": "swanky-purse",
        "theme_url": "../wp-content/plugins/mailcwp/css/jquery-ui-themes/swanky-purse/jquery-ui.css",
        "group": "Official",
        "active": "yes",
        "author": "jQuery Project",
        "license": "http://jquery.org/license"
    },
    {
        "theme_name": "trontastic",
        "theme_url": "../wp-content/plugins/mailcwp/css/jquery-ui-themes/trontastic/jquery-ui.css",
        "group": "Official",
        "active": "yes",
        "author": "jQuery Project",
        "license": "http://jquery.org/license"
    },
    {
        "theme_name": "ui-darkness",
        "theme_url": "../wp-content/plugins/mailcwp/css/jquery-ui-themes/ui-darkness/jquery-ui.css",
        "group": "Official",
        "active": "yes",
        "author": "jQuery Project",
        "license": "http://jquery.org/license"
    },
    {
        "theme_name": "ui-lightness",
        "theme_url": "../wp-content/plugins/mailcwp/css/jquery-ui-themes/ui-lightness/jquery-ui.css",
        "group": "Official",
        "active": "yes",
        "author": "jQuery Project",
        "license": "http://jquery.org/license"
    },
    {
        "theme_name": "vader",
        "theme_url": "../wp-content/plugins/mailcwp/css/jquery-ui-themes/vader/jquery-ui.css",
        "group": "Official",
        "active": "yes",
        "author": "jQuery Project",
        "license": "http://jquery.org/license"
    }
]
